fullname,city,longitude,latitude,yearspracticing,services_count,pharmadollars,score
KHANH K. NGUYEN,SAN JOSE,-121.8478,37.365013,19,17,727,6
MOSHE LEWIS,SAN FRANCISCO,-122.42031,37.747532,18,212,760,6
WEI WANG,SAN JOSE,-121.93723,37.327084,29,24,618,6
JEROME GOLDSTEIN,SAN FRANCISCO,-122.41714,37.789528,48,208,441275,10
ANTHONY YIN,SAN FRANCISCO,-122.42309,37.787361,8,145,307,3
GARY I. FELDMAN,SAN FRANCISCO,-122.43245,37.789112,27,47,5447,8
BENJAMIN Z. FONG,SAN FRANCISCO,-122.45302,37.774872,33,15,259,1
MARK OSCHERWITZ,SAN FRANCISCO,-122.41667,37.789135,57,61,256,1
LISA CAPALDINI,SAN FRANCISCO,-122.43571,37.768429,32,27,59958,10
IVOR A. EMANUEL,SAN FRANCISCO,-122.40968,37.788162,47,30,4989,8
GABRIEL M. KIND,SAN FRANCISCO,-122.43571,37.768429,28,26,50000,10
RICHARD A. FRANCOZ,SAN FRANCISCO,-122.4324,37.790154,44,23,372,4
MOHAMMED KASHANI-SABET,SAN FRANCISCO,-122.43176,37.791096,23,15,14340,9
JORDAN J. HOROWITZ,SAN FRANCISCO,-122.45462,37.786236,39,51,1820,7
STEVEN L. BLUMLEIN,SAN FRANCISCO,-122.45142,37.786728,36,14,564,5
ERNEST F. RIBERA,SAN MATEO,-122.32603,37.566257,35,20,567,5
MANJULA KAMARAJU,SAN JOSE,-121.94845,37.251076,28,15,562,5
RONALD G. CAMPOS,WALNUT CREEK,-122.05292,37.894955,38,49,1919,8
MARK E. HIGGINS,SAN FRANCISCO,-122.43571,37.768429,20,15,459,5
RACHEL A. HOYAL,SANTA ROSA,-122.70609,38.444111,4,92,337,4
DANNY B. LUONG,SAN JOSE,-121.85059,37.361233,23,125,5000,8
ROSANNA P. CHOW,SAN FRANCISCO,-122.45302,37.774872,,16,285,2
BILL N. WONG,PLEASANTON,-121.87923,37.692135,33,21,921,6
SHELDON ZITMAN,CUPERTINO,-122.033,37.293945,40,18,365,4
TODD D. SEVERIN,SAN RAMON,-121.95962,37.77647,25,47,30524,10
PAYAM TABRIZI,SAN JOSE,-121.93192,37.313755,,18,332,3
IAN C. ANDERSON,SANTA ROSA,-122.70145,38.442211,26,270,2944,8
PETER D. TAMULEVICH,CONCORD,-122.03596,37.984161,,450,259,1
CATHARINE T. CLARK-SAYLES,GREENBRAE,-122.53705,37.944862,35,157,259,1
YOGESH K. TREHAN,BRENTWOOD,-121.7365,37.926979,19,15,6226,9
KHOA D. NGUYEN,SAN JOSE,-121.93674,37.327038,25,52,276,2
MIRIAM N. GARCIA,SAN FRANCISCO,-122.42031,37.747532,13,28,282,2
ERIC J. SMALL,SAN FRANCISCO,-122.4397,37.78479,29,162,6405,9
JASON CHU,FREMONT,-121.98267,37.55579,28,112,387,4
DOUGLAS GRANT,WALNUT CREEK,-122.02914,37.929256,,667,332,3
EDDIE C. CHEUNG,OAKLAND,-122.27172,37.800285,40,606,5936,9
DONALD H. STANFORD,BERKELEY,-122.26315,37.86174,46,160,572,6
CLARICE C. CALOPIZ,SAN CARLOS,-122.24554,37.493198,21,106,257,1
WILLIAM J. MCALLISTER,LARKSPUR,-122.53988,37.94334,48,95,274,2
TRAVIS K. SVENSSON,SAN FRANCISCO,-122.43427,37.751316,,146,297,3
EPIFANIO J. DELEON,WALNUT CREEK,-122.07099,37.877762,16,21,330,3
ROBERT T. TORRANO,SAN JOSE,-121.97488,37.315834,33,2723,3700,8
ILKCAN COKGOR,GREENBRAE,-122.53692,37.944839,25,249,659,6
MAURIZIO BONACINI,SAN FRANCISCO,-122.42031,37.747532,32,19,5939,9
HONG H. BUI,SAN JOSE,-121.82542,37.320118,40,401,288,2
ALAN B. GOLDSOBEL,SAN JOSE,-121.97488,37.315834,37,416,8189,9
ERNEST Y. CHENG,EMERYVILLE,-122.28792,37.838726,,11,459,5
MICHAEL STEVENS,SAN JOSE,-121.93989,37.326538,33,16,11468,9
JANA TOMSKY,CLAYTON,-121.95606,37.952965,12,23,382,4
HARISH H. MURTHY,SAN JOSE,-121.95021,37.252205,20,13,11202,9
HELEN FENG,SAN JOSE,-121.9263,37.33577,27,79,271,2
JOHN I. UMEKUBO,SAN FRANCISCO,-122.42937,37.785683,37,737,346,4
ANITA BHAT,CONCORD,-122.03246,37.980648,9,62,269,2
SUDHAKAR TUMULURI,LOS GATOS,-121.96815,37.264008,19,87,30776,10
PAUL H. KIM,PLEASANT HILL,-122.0652,37.947865,24,166,253,1
DAVID S. MARCUS,BURLINGAME,-122.38168,37.593174,27,11,299,3
NENGCHUN HUANG,LOS GATOS,-121.96736,37.262138,30,842,15063,9
RAJESH SHINGHAL,SAN JOSE,-121.93192,37.313755,18,57,1998,8
TODD KAYE,MOUNTAIN VIEW,-122.06483,37.377022,28,248,2104,8
BRUCE A. CREE,SAN FRANCISCO,-122.45614,37.764011,17,71,23602,10
AMY N. BADGER-ASARAVALA,HAYWARD,-122.0787,37.675674,8,13,253,1
MINH Q. HUYNH,SAN JOSE,-121.87866,37.342754,36,12,272,2
MARTHA A. MEJIA,SAN CARLOS,-122.26562,37.503239,28,132,440,5
ULRICH BERG,SAN FRANCISCO,-122.43552,37.797356,42,15,334,3
KATHRYN K. RENSCHLER,PALO ALTO,-122.16187,37.439026,28,53,416,4
DAVID I. BRESSLER,CONCORD,-122.03596,37.984161,34,71,281,2
KARIM HUSSAIN,FREMONT,-121.98116,37.557617,49,77,1202,7
GEORGE W. BEATTY,SAN FRANCISCO,-122.40659,37.756321,,38,12000,9
BARRY SLATER,SAN JOSE,-121.99264,37.294456,44,190,568,5
INNA YASKIN,MOUNTAIN VIEW,-122.08373,37.36726,13,27,4059,8
INOCENCIO D. CANDELARIA,SAN RAMON,-121.96678,37.77626,10,92,655,6
BARRY E. SHIBUYA,FREMONT,-121.98296,37.547928,18,72,3661,8
FREDRIC C. MORGAN,PLEASANTON,-121.9301,37.692459,32,33,309,3
FLASH GORDON,GREENBRAE,-122.53651,37.944443,,578,263,1
ANN C. COTTRELL,WALNUT CREEK,-122.02914,37.929256,21,80,298,3
LAWRENCE WEIL,WALNUT CREEK,-122.02914,37.929256,22,18,1195,7
FATIMA TEHRANCHI,REDWOOD CITY,-122.25513,37.478336,,251,276,2
SHELLI S. BODNAR,FREMONT,-121.92625,37.491722,19,49,254,1
HERMENEGILDO G. ANGELES,DALY CITY,-122.47291,37.680809,30,39,337,4
ERIC P. BACHELOR,PLEASANTON,-121.87293,37.670422,39,14,25000,10
STEPHEN RASKIN,ALAMEDA,-122.25374,37.763287,41,112,15245,10
BELLA I. NUDEL,SAN FRANCISCO,-122.43865,37.785431,36,53,560,5
DANIEL P. MIRDA,NAPA,-122.29833,38.323166,30,372,11933,9
STEPHEN S. SCHNEIDER,SAN FRANCISCO,-122.4035,37.796246,44,289,6931,9
DENNIS J. VERDUCCI,SONOMA,-122.46391,38.289539,37,989,254,1
JAMES W. TETRUD,SUNNYVALE,-122.01556,37.402866,41,151,523,5
RISA KAGAN,BERKELEY,-122.25946,37.85722,36,279,24235,10
WILLIAM D. NABER,SAN FRANCISCO,-122.42309,37.787361,38,333,572,6
LINDA M. GAUDIANI,GREENBRAE,-122.533,37.943546,38,23,104614,10
DIVYA KINI,DALY CITY,-122.47508,37.675583,19,25,365,4
PADMA MAHAJAN,SAN JOSE,-121.95025,37.252567,41,15,266,1
BRUCE A. BENEDICK,E PALO ALTO,-122.14244,37.459103,,339,269,2
HON Y. CHAN,VACAVILLE,-121.9838,38.354992,33,129,260,1
UMA MAHADEVAN,SAN FRANCISCO,-122.44037,37.784256,19,15,49869,10
CLAIRE M. SERRATO,SAN MATEO,-122.32603,37.566257,21,23,333,3
EDWARD F. LOKER,PETALUMA,-122.63478,38.25153,44,17,251,1
LEE J. LEVITT,SAN JOSE,-121.93192,37.313755,40,388,2260,8
IMMANUEL A. ASUNCION,RICHMOND,-122.32912,37.978165,11,22,392,4
LAWRENCE A. EPSTEIN,MOUNTAIN VIEW,-122.07795,37.372345,53,25,1220,7
TRACEY ROBINSON,SAN FRANCISCO,-122.42309,37.787361,25,16,3653,8
C. MICHAEL NEUWELT,SAN LEANDRO,-122.14212,37.714703,39,570,5755,8
ROBERT J. COLVIN,SAN FRANCISCO,-122.43099,37.791183,15,11,5000,8
EUGENE J. BURBIGE,CONCORD,-122.03406,37.985153,44,12,26334,10
JEFFREY M. ARON,SAN FRANCISCO,-122.43176,37.791096,47,27,2045,8
ROOBAL S. SEKHON,PITTSBURG,-121.87117,38.007111,11,109,252,1
HARAMANDEEP SINGH,SAN RAMON,-121.95986,37.776768,20,89,48261,10
HYUN KANG,SANTA ROSA,-122.70114,38.442978,30,16,1034,7
SILPA AVULA,SAN JOSE,-121.93631,37.327103,23,180,271,2
JOHN A. LINFOOT,LAFAYETTE,-122.11359,37.891556,57,344,12044,9
MINH N. DANG,PLEASANTON,-121.90936,37.690876,20,136,257,1
ADAM H. MARVIN,OAKLAND,-122.26389,37.818897,39,236,283,2
JENNIFER D. HAGGERTY,SAN JOSE,-121.94845,37.251076,10,26,561,5
SABIHA RASHEED,FREMONT,-121.9742,37.566669,23,32,265,1
MARTIN C. LEUNG,SAN FRANCISCO,-122.43401,37.733624,36,609,358,4
MARY D. DEFIGARD,LOS GATOS,-121.93311,37.243378,42,82,454,5
JACK SIEGEL,SAN JOSE,-121.95099,37.253117,42,11,262,1
CHUANFANG SHIH,FREMONT,-121.98,37.558651,30,751,283,2
TRUNG NGUYEN,MOUNTAIN VIEW,-122.07795,37.369011,,14,567,5
XIAOGUANG HUANG,OAKLAND,-122.27065,37.799805,32,538,1010,7
STEVEN KANG,OAKLAND,-122.26328,37.820755,18,38,82559,10
ZULFIQAR ALI,FREMONT,-121.98,37.558651,44,111,347,4
ANNE F. LUETKEMEYER,SAN FRANCISCO,-122.40659,37.756321,15,26,16291,10
OLIVIA LEE,SAN JOSE,-121.93192,37.313755,8,97,65000,10
NORMAN J. ROSEN,WALNUT CREEK,-122.04181,37.91201,55,177,617,6
DAE-WOOK KANG,SAN JOSE,-121.93484,37.331684,22,165,457,5
LAURENCE H. LIEF,SAN FRANCISCO,-122.43929,37.784344,40,256,607,6
ERNEST M. THOMAS,LOS GATOS,-121.96725,37.263245,54,41,256,1
ALICE L. YAN,DALY CITY,-122.47508,37.675583,31,135,558,5
JEANIESAR B. CALUAG,SAN FRANCISCO,-122.45302,37.774872,17,93,333,3
CHAU T. NGUYEN,SAN JOSE,-121.8541,37.36245,40,32,751,6
LAWRENCE D. LENHART,SAN MATEO,-122.3273,37.567493,52,15,391,4
SAUL EISENSTAT,MOUNTAIN VIEW,-122.07795,37.372345,49,17,621,6
CORBY S. KESSLER,NAPA,-122.29513,38.323666,22,137,15937,10
NEAL L. BENOWITZ,SAN FRANCISCO,-122.40651,37.755527,45,24,33954,10
MARVIN P. MASADA,SAN JOSE,-121.8147,37.307674,19,13,364,4
ANGELO C. ARCILLA,DALY CITY,-122.47292,37.680737,24,52,356,4
JATINDER P. MARWAHA,SAN RAMON,-121.9527,37.763309,23,39,276,2
MICHAEL SIEGEL,SAN MATEO,-122.33012,37.567039,34,32,288,2
DAVID M. WOODHOUSE,VACAVILLE,-121.9838,38.354992,33,175,1018,7
ERIC GEISER,SAN FRANCISCO,-122.43205,37.791,12,141,331,3
PHILLIP L. ROSS,OAKLAND,-122.26389,37.818897,15,38,1025,7
BERTHA S. JALILIE,CUPERTINO,-122.033,37.293945,21,76,434,5
SANJAY K. AGARWAL,SAN JOSE,-121.84727,37.362152,19,12,11182,9
BRUCE J. DREYFUSS,SAN JOSE,-121.87766,37.343109,37,68,1367,7
JOSEPH A. HABIS,SAN RAFAEL,-122.53886,38.004272,24,63,964,7
JIM Y. WU,VACAVILLE,-121.95303,38.3545,,117,450,5
JEAN F. LUONG,SAN JOSE,-121.93992,37.325565,31,39,550,5
DIANA L. SYLVESTRE,OAKLAND,-122.26849,37.816364,26,20,4966,8
BRITTANY L. GOSS,NAPA,-122.30161,38.320644,9,59,1617,7
ANDREW Y. LIN,SUNNYVALE,-122.02795,37.358974,22,13,312,3
JERRY YEN,PLEASANTON,-121.87923,37.692135,36,17,765,6
JANE YIEH,SAN JOSE,-121.94653,37.251133,20,24,453,5
KENNETH S. PETERS,MOUNTAIN VIEW,-122.08836,37.387112,39,12,6000,9
RAHUL KHURANA,MOUNTAIN VIEW,-122.08168,37.368675,12,157,5000,8
OSTAP G. MELNYK,SAN LEANDRO,-122.14181,37.714478,,297,6500,9
EMILY YONG,SAN FRANCISCO,-122.40904,37.799866,32,15,439,5
JOSHUA S. JACOBS,WALNUT CREEK,-122.04129,37.911732,24,406,170160,10
CHARLENE HU,PLEASANTON,-121.87705,37.672176,31,53,464,5
LESTER B. JACOBSON,SAN FRANCISCO,-122.43205,37.791,47,30,428,5
EDWARD S. KERSH,SAN FRANCISCO,-122.42031,37.747532,45,11,18811,10
ROSALINDA A. MANDREZA,SAN JOSE,-121.82262,37.318871,33,14,739,6
RONALD R. UYEYAMA,SAN JOSE,-121.93723,37.327084,51,17,253,1
STEPHEN D. SCHWARTZ,SANTA ROSA,-122.66393,38.442444,44,17,5000,8
CYNTHIA M. CARSOLIN-CHANG,SAN FRANCISCO,-122.42031,37.747532,41,304,265,1
LAYBON JONES,VALLEJO,-122.21526,38.104237,36,22,8940,9
DONALD F. GERMAN,SAN FRANCISCO,-122.49294,37.779808,54,18,323,3
SHELLEY M. GORDON,SAN FRANCISCO,-122.4324,37.790154,,118,286,2
FAYAZ ASGHAR,SAN JOSE,-121.84666,37.361626,43,155,779,6
JUAN E. POSADA,SAN JOSE,-121.85059,37.361233,28,178,1042,7
KEITH LEE,PALO ALTO,-122.16225,37.439377,15,185,277,2
ARI D. BARON,SAN FRANCISCO,-122.4324,37.790154,24,77,6750,9
FELICIA L. STERMAN,SAN FRANCISCO,-122.43571,37.768429,20,11,32930,10
DAVID HYUN,SANTA CLARA,-121.9834,37.323147,24,21,252,1
ANDREW J. BENN,WALNUT CREEK,-122.04305,37.912754,28,16,13445,9
JOHN R. ROSTKOWSKI,WALNUT CREEK,-122.04129,37.911732,45,385,531,5
VENKAT R. PEDDI,SAN FRANCISCO,-122.43176,37.791096,28,30,1489,7
YIM H. CHAN,SAN FRANCISCO,-122.49976,37.749706,28,189,799,6
MELANIE BRANDABUR,SUNNYVALE,-122.03275,37.397701,27,463,45735,10
SCOTT D. LEVENSON,SAN CARLOS,-122.25467,37.501095,26,30,2425,8
BRIAN S. LIPSON,REWOOD CITY,-122.22678,37.490772,31,190,780,6
SUNG W. CHOI,SAN FRANCISCO,-122.43176,37.791096,,332,338,4
TIMOTHY M. SOWERBY,GREENBRAE,-122.53692,37.944839,27,67,460,5
PASCUAL IZQUIERDO,SAN JOSE,-121.93391,37.327042,47,224,310,3
SUNDEEP NAYAK,LIVERMORE,-121.78258,37.678764,23,57,3666,8
MABEL A. LIM,OAKLAND,-122.27054,37.798962,36,21,254,1
ARKADY GENDELMAN,SAN FRANCISCO,-122.42309,37.787361,35,23,1294,7
EDWARD KARPMAN,MOUNTAIN VIEW,-122.08176,37.36861,15,84,357,4
LAN T. NGUYEN,SAN JOSE,-121.87766,37.343109,20,197,853,6
MARYAM AMINI,WALNUT CREEK,-122.0463,37.911285,15,293,358,4
ALFREDO RAMIREZ,SAN JOSE,-121.83335,37.363216,54,689,1284,7
BRADFORD T. FLAGG,SAN RAMON,-121.95986,37.776768,25,326,262,1
NEIL A. LEVIN,SANTA ROSA,-122.72651,38.47327,25,925,252,1
ERIC L. JOHNSON,OAKLAND,-122.26328,37.820755,32,24,15635,10
NICHOLAS PAPPAS,NOVATO,-122.57562,38.109661,52,526,323,3
ALAN M. HELLER,SAN JOSE,-121.93418,37.327126,42,2484,275,2
DAVID S. WEILAND,SAN PABLO,-122.33725,37.954269,33,15,6446,9
MARC-ALAN IWAHASHI,CUPERTINO,-122.033,37.293945,27,11,403,4
GUILLERMO VANEGAS,OAKLAND,-122.26389,37.818897,44,12,4910,8
PERRY SEGAL,LOS GATOS,-121.97432,37.234493,38,421,296,3
BOO W. LEE,SAN JOSE,-121.93472,37.327057,41,17,1155,7
EMILY K. BERGSLAND,SAN FRANCISCO,-122.4397,37.78479,25,23,7125,9
HON FONG,OAKLAND,-122.26328,37.820755,40,23,281,2
SJ SALFEN,SAN JOSE,-121.95021,37.252205,40,20,6564,9
GRACE S. LIANG,SUNNYVALE,-122.03275,37.397701,15,3800,1206,7
WILLIAM MCMULLEN,SAN FRANCISCO,-122.4324,37.790154,21,123,311,3
KASRA AMIRDELFAN,WALNUT CREEK,-122.02914,37.929256,,37,321,3
BADEIA A. MORSY,PLEASANTON,-121.8771,37.672176,40,58,374,4
PETER A. LINFOOT,LAFAYETTE,-122.11359,37.891556,24,218,1500,7
JAMES MAILHOT,SAN FRANCISCO,-122.43176,37.791096,,33,310,3
ALLYSON T. TEVRIZIAN,WALNUT CREEK,-122.04129,37.911732,18,103,3375,8
JESUS L. BORRILLO,MOUNTAIN VIEW,-122.08168,37.368675,18,35,1701,7
ARADHANA KAR,CUPERTINO,-122.033,37.293945,18,44,313,3
INESSA SVIDLER,SAN FRANCISCO,-122.43865,37.785431,28,80,883,6
ALBERT M. MITCHELL,FAIRFIELD,-122.0461,38.261047,30,116,276,2
ZHI JIAR ZHUANG,SAN FRANCISCO,-122.45244,37.781906,29,204,544,5
JACK WAXMAN,SANTA ROSA,-122.72651,38.47327,46,1620,6904,9
THIERRY M. JAHAN,SAN FRANCISCO,-122.4397,37.78479,27,155,3630,8
MEENAL S. LOHTIA,SAN RAFAEL,-122.53886,38.004272,18,47,368,4
JAMES Y. GREENBERG,SAN FRANCISCO,-122.43929,37.784344,33,17,775,6
JONATHAN NOBLE,BERKELEY,-122.26982,37.863155,46,77,364,4
LORENA H. TAN,LIVERMORE,-121.78223,37.678837,19,22,604,6
VIRGINIA I. CAFARO,SAN FRANCISCO,-122.43571,37.768429,28,20,8288,9
JACO FISHENFELD,SAN JOSE,-121.84683,37.361954,48,64,711,6
EUGENE Y. LEE,SAN MATEO,-122.32474,37.566574,16,88,396,4
JOANNA A. COOPER,BERKELEY,-122.25766,37.854919,37,87,82598,10
JAMES W. LANGSTON,SUNNYVALE,-122.03275,37.397701,47,92,460,5
KIM S. ERLICH,DALY CITY,-122.47624,37.665237,33,106,18982,10
SOPHIA N. MIRVISS,SAN FRANCISCO,-122.42664,37.743122,,82,304,3
MANUEL LUNA,SOUTH SAN FRANCISCO,-122.41615,37.656155,54,23,1352,7
MICHAEL S. GREENFIELD,MOUNTAIN VIEW,-122.08175,37.369045,40,19,332,3
PETER L. NARUNS,MOUNTAIN VIEW,-122.07795,37.372345,33,58,273,2
DANIEL E. ROTH,SAN FRANCISCO,-122.45302,37.774872,,27,508,5
CHARLES J. ANTONINI,DALY CITY,-122.47292,37.680737,38,94,340,4
RAJ KUMAR,SAN JOSE,-121.84727,37.362152,18,52,6334,9
RAJESH S. SURI,FREMONT,-121.98,37.558651,32,203,252,1
OWEN TOWERY,CONCORD,-122.03596,37.984161,43,419,265,1
SANGEETHA BALASUBRAMANIAN,SAN JOSE,-121.9263,37.33577,14,102,1500,7
FRED BAYON,VALLEJO,-122.21243,38.070339,30,24,931,7
TONY L. WONG,DALY CITY,-122.47292,37.680737,25,108,606,6
JAMES W. OSTROFF,SAN FRANCISCO,-122.45614,37.764011,37,49,5721,8
HOWARD E. EDELSTEIN,OAKLAND,-122.23111,37.799191,32,46,17297,10
BRUCE N. BRENT,SAN FRANCISCO,-122.4324,37.790154,39,54,487,5
ANTHONY T. BERNENS,WALNUT CREEK,-122.04305,37.912754,20,68,284,2
ANJULI BASU,GREENBRAE,-122.51862,37.943439,18,55,568,5
WEN-YEE TSAI,OAKLAND,-122.26389,37.818897,11,35,488,5
DIETER BRUNO,REDWOOD CITY,-122.25513,37.478336,,54,366,4
DAVID KIM,SAINT HELENA,-122.47526,38.542049,21,124,290,3
CHENG-YANG C. TUAN,SAN FRANCISCO,-122.42031,37.747532,17,309,1775,7
LEE R. LISKEY,SAN FRANCISCO,-122.41897,37.757431,28,565,626,6
DAVID R. GILLIAM,FAIRFIELD,-122.04984,38.259808,37,23,919,6
RICHARD S. SUNDBERG,SAN FRANCISCO,-122.45768,37.785908,40,21,258,1
MUNIR JAVED,MOUNTAIN VIEW,-122.07795,37.372345,31,12,858,6
PAIGE YOSHISATO,VALLEJO,-122.21243,38.070339,,56,294,3
PAUL WALLACE,OAKLAND,-122.26323,37.822243,17,203,36484,10
GARY NICHOLS,SANTA ROSA,-122.74033,38.482765,33,53,319,3
LAWREN S. HICKS,WALNUT CREEK,-122.04186,37.910461,39,32,297,3
HOPE S. RUGO,SAN FRANCISCO,-122.4397,37.78479,30,428,83579,10
JOYCE I. TATELMAN,MOUNTAIN VIEW,-122.07795,37.372345,23,120,266,1
JOHNSON O. ADEYANJU,CONCORD,-122.03596,37.984161,25,28,688,6
COLMAN RYAN,DALY CITY,-122.47508,37.675583,46,337,8595,9
JOCELIZA G. CHAUDHARY,SAN JOSE,-121.94845,37.251076,20,38,391,4
PAUL SINGER,LOS GATOS,-121.96725,37.263245,29,36,442,5
DOMINIC M. CHIONG,SAN JOSE,-121.79845,37.329479,25,38,684,6
HOWARD J. KLINE,SAN FRANCISCO,-122.4421,37.771019,56,120,554,5
NHI Y. HUYNH,SAN JOSE,-121.82542,37.320118,36,1691,985,7
KATHRYN M. AMACHER,VACAVILLE,-121.98935,38.357578,31,142,1500,7
STEVEN A. FRIEDMAN,SAN RAMON,-121.95572,37.754917,37,65,2246,8
FREDERICK S. WATSON,SAN MATEO,-122.32568,37.565918,31,34,273,2
JOHN R. MENDIUS,GREENBRAE,-122.53368,37.943573,37,66,4017,8
NORMAN P. WOODS,SAN JOSE,-121.94845,37.251076,42,12,615,6
IQBAL I. OMARALI,PLEASANTON,-121.87569,37.682186,26,51,343,4
EDWARD I. LEVIN,FAIRFIELD,-122.04939,38.250397,32,50,6848,9
SHAHRAM S. GHOLAMI,SAN JOSE,-121.95053,37.252949,18,15,8549,9
MARTIN D. RUBENSTEIN,CAMPBELL,-121.94868,37.294159,38,135,1844,7
CHEUNG K. LEUNG,GILROY,-121.57281,37.034767,30,206,6693,9
STEPHEN PARK,DALY CITY,-122.47624,37.665237,36,52,6780,9
LEENA BADHWAR,LOS GATOS,-121.93311,37.243378,28,90,1257,7
MICHAEL R. TARADASH,BURLINGAME,-122.38388,37.595512,45,109,302,3
YING ZHANG,SAN JOSE,-121.93713,37.316071,32,371,1274,7
ABE KAPLAN,BRENTWOOD,-121.69605,37.962315,61,16,356,4
ALLA BOYKOFF,SAN FRANCISCO,-122.43929,37.784344,29,12,274,2
RONALD H. YANAGIHARA,GILROY,-121.57281,37.034767,40,3460,4843,8
PETER J. GOADSBY,SAN FRANCISCO,-122.43997,37.785328,29,43,63768,10
YSHAY SHLESINGER,DANVILLE,-122.00211,37.828861,19,22,20037,10
KATSUTO SHINOHARA,SAN FRANCISCO,-122.4397,37.78479,35,37,2500,8
JAIME O. CORTES,OAKLAND,-122.23176,37.780819,22,134,1099,7
STEPHEN W. HALPERN,SANTA ROSA,-122.66384,38.442436,42,161,29521,10
DAVID KING-STEPHENS,SAN FRANCISCO,-122.4324,37.790154,25,24,105814,10
WENDONG WU,GILROY,-121.58701,37.009819,25,1083,252,1
ROBERT G. APTEKAR,LOS GATOS,-121.95048,37.255688,,40,446,5
RAJPREET S. DHESI,VACAVILLE,-121.94961,38.361206,32,14,275,2
SERENA MRAZ,VALLEJO,-122.26353,38.123531,21,13,48402,10
NITUN VERMA,FREMONT,-121.98361,37.557072,10,38,12181,9
PATRICK J. WALSH,ROHNERT PARK,-122.70901,38.345341,30,678,260,1
CHRIS B. THREATT,REDWOOD CITY,-122.25513,37.478336,18,20,270,2
TOMOAKI HINOHARA,REDWOOD CITY,-122.25513,37.478336,39,213,282,2
LEONARD DOBERNE,MOUNTAIN VIEW,-122.07795,37.372345,39,119,419,4
DAVID M. CLAMAN,SAN FRANCISCO,-122.44037,37.784256,27,19,3881,8
HELENA L. WANG,SAN FRANCISCO,-122.43205,37.791,16,16,660,6
LEFKOS B. AFTONOMOS,SAN MATEO,-122.32568,37.565918,39,51,25000,10
ANDREW ROSENBLATT,SAN FRANCISCO,-122.4324,37.790154,44,27,640,6
PRADIP K. RUSTAGI,MOUNTAIN VIEW,-122.08619,37.38216,37,166,8289,9
PRISCILLA Y. HSUE,SAN FRANCISCO,-122.40651,37.755527,,24,14258,9
PATRICK E. KAVANAUGH,CONCORD,-122.03406,37.985153,37,1056,275,2
GREGG S. SORENSEN,BAY POINT,-121.94738,38.026329,,113,417,4
NEIL R. OKAMURA,SAN RAMON,-121.96005,37.776947,26,24,998,7
MARK LEE,OAKLAND,-122.26389,37.818897,17,181,250,1
CARLOS QUINTANA,SAN FRANCISCO,-122.45768,37.785908,12,53,311,3
EUGENE EISENBERG,NAPA,-122.29395,38.325287,64,23,268,2
BUDD N. SHENKIN,OAKLAND,-122.26685,37.820084,,13,2665,8
THAI V. TRAN,SAN JOSE,-121.87695,37.342594,36,41,1155,7
MARGARET A. TEMPERO,SAN FRANCISCO,-122.4397,37.78479,37,51,1652,7
FRANK TORTORICE,DALY CITY,-122.47292,37.680737,25,706,271,2
FERNANDO VELAYOS,SAN FRANCISCO,-122.44037,37.784256,17,67,800,6
JOHN RICHARDS,SAN JOSE,-121.84821,37.364738,54,31,928,6
WILLIAM GLATT,SOUTH SAN FRANCISCO,-122.42877,37.645435,50,76,268,2
CARLOS E. ANDERSEN,CONCORD,-122.0179,37.972511,39,25,692,6
NIKHIL M. APTE,LIVERMORE,-121.78223,37.678837,13,224,263,1
RICHARD I. BERNSTEIN,GREENBRAE,-122.533,37.943546,47,70,441,5
ELLIOTT N. SCHWARTZ,OAKLAND,-122.26685,37.820084,45,30,2968,8
ANTHONY K. AGADZI,VALLEJO,-122.22461,38.122948,11,246,5000,8
PETER P. YU,MOUNTAIN VIEW,-122.06483,37.377022,34,249,1167,7
JASON A. TALAVERA,SAN FRANCISCO,-122.43099,37.791183,6,27,422,5
SAMIR N. VORA,FREMONT,-121.9798,37.558899,35,33,540,5
DANIEL C. CHAN,SAN FRANCISCO,-122.40904,37.799866,37,113,256,1
ROBERT B. WILLIAMS,SAN FRANCISCO,-122.41637,37.764709,12,134,315,3
CHAO-YING TANG,SAN MATEO,-122.32616,37.566483,32,326,262,1
REMO L. MORELLI,SAN FRANCISCO,-122.45302,37.774872,38,21,366,4
PETER WU,PALO ALTO,-122.16225,37.439377,32,28,325,3
JEFF S. CHEN,WALNUT CREEK,-122.02954,37.929031,,64,335,3
STEVEN NALEWAY,SAN JOSE,-121.94653,37.251133,,13,624,6
MARIETTA F. ABALOS-GALITO,SAN JOSE,-121.84727,37.362152,25,212,3101,8
DAVID A. CHAPPELL,PETALUMA,-122.63415,38.251904,35,941,1870,7
MARK DRUCKER,WALNUT CREEK,-122.0531,37.895073,34,125,252,1
PETER Y. HUI,SAN FRANCISCO,-122.4324,37.790154,32,500,325,3
JASON BACHARACH,PETALUMA,-122.63398,38.25211,30,22,153687,10
JAGAT B. SATIA,SAN JOSE,-121.94822,37.251129,48,16,283,2
HOOMAN D. BEHRAVAN,SAN LEANDRO,-122.14319,37.71563,11,25,3628,8
DENNIS LIU,SAN JOSE,-121.94653,37.251133,35,24,2995,8
MARTIN D. RUBINGER,SANTA ROSA,-122.66444,38.442081,38,119,420,5
PETER B. BRETT,SANTA ROSA,-122.74033,38.482765,29,37,350,4
ELIZABETH A. ABEL,MOUNTAIN VIEW,-122.08455,37.367268,47,11,279,2
KEVIN WONG,ORINDA,-122.18017,37.877674,18,39,377,4
SEYMOUR GREENSTEIN,PLEASANT HILL,-122.07244,37.962196,44,88,269,2
WILLIAM M. BUCHHOLZ,MOUNTAIN VIEW,-122.08619,37.38216,43,20,1758,7
NHAT V. MAI,SAN JOSE,-121.87732,37.342419,37,51,258,1
ABID MAJID,SAN PABLO,-122.33725,37.954269,24,686,370,4
NANCY J. BOHANNON,SAN FRANCISCO,-122.42031,37.747532,42,73,6402,9
PATRICIA M. BAUMAN,SAN RAFAEL,-122.54641,38.006828,30,27,393,4
ROSS A. PIRKLE,WALNUT CREEK,-122.04305,37.912754,20,29,332,3
CLAUDELL STEPHENS,PINOLE,-122.30193,37.995426,38,503,296,3
RICHARD A. PODOLIN,SAN FRANCISCO,-122.45302,37.774872,35,42,313,3
ANTHONY JONES,OAKLAND,-122.26528,37.817833,18,104,15208,9
ANIT B. PATEL,FAIRFIELD,-122.04742,38.256657,15,23,2256,8
